mean_rmsd,std_rmsd,slope_rmsd,pdb
0.921588659286499,0.23969078063964844,3.787218838024542e-05,1ao7
0.7766745090484619,0.17852671444416046,2.817039238504866e-05,1d9k
0.8431910872459412,0.20862317085266113,3.388714355400161e-05,1fo0
0.7473472356796265,0.15048661828041077,2.361868126327048e-05,1fyt
0.7303830981254578,0.19872088730335236,3.325273750842815e-05,1kj2
0.724585771560669,0.17631077766418457,2.8402567465470857e-05,1lp9
0.7836995124816895,0.25310254096984863,4.273520863120674e-05,1nam
0.8484517335891724,0.21833272278308868,3.494382725038921e-05,1oga
0.809776246547699,0.2045769840478897,3.401396453062953e-05,1u3h
0.8586812615394592,0.207843616604805,3.367061419061449e-05,1ymm
0.8511914014816284,0.18653275072574615,2.8230591459853166e-05,1zgl
0.7879586815834045,0.18239109218120575,2.8713764375833216e-05,2bnq
0.8689877986907959,0.2501136362552643,4.02366629136352e-05,2e7l
0.9193075299263,0.2235577553510666,3.48101811347798e-05,2esv
0.7415604591369629,0.177589550614357,2.7786511080804774e-05,2iam
0.9379643797874451,0.2722855508327484,4.5739883908254645e-05,2nx5
0.7496902346611023,0.18587446212768555,3.07042085134837e-05,2pxy
0.7090092301368713,0.1795802265405655,2.997881738668111e-05,2xn9
0.7574514746665955,0.1760048121213913,2.8145235190101968e-05,2ypl
0.7976065278053284,0.22517718374729156,3.756667181832022e-05,3c5z
0.9151721596717834,0.21731624007225037,2.9918479891217182e-05,3c60
0.7438859939575195,0.14718441665172577,2.36168577496001e-05,3c6l
0.7851923108100891,0.1719110608100891,2.7704579483916856e-05,3dxa
0.8284186720848083,0.19989056885242462,3.260358365503944e-05,3ffc
0.876838207244873,0.20669414103031158,3.355990999547208e-05,3gjf
0.8448047041893005,0.21644049882888794,3.461968659092618e-05,3gsn
0.8826419711112976,0.24218659102916718,3.761460940287296e-05,3hg1
0.8066797256469727,0.18586471676826477,2.851479674653081e-05,3kpr
0.7094772458076477,0.14463455975055695,2.252605497513536e-05,3mbe
0.7019250988960266,0.1645333468914032,3.7127811068790545e-05,3nfj
0.9077908992767334,0.23357689380645752,3.764445306477504e-05,3o4l
0.7045670747756958,0.13147175312042236,2.008416188129276e-05,3o6f
0.829003095626831,0.21913371980190277,3.674133813871111e-05,3pl6
0.9180873036384583,0.20736850798130035,3.087339978150103e-05,3pqy
0.8241769671440125,0.24254210293293,4.063486152941202e-05,3pwp
0.7877021431922913,0.19357478618621826,3.2283069984907066e-05,3qdg
0.7769550085067749,0.14581604301929474,2.0376983652496467e-05,3qdm
0.7696619629859924,0.19127686321735382,3.182418496599063e-05,3qib
0.8527259826660156,0.22586379945278168,3.805531486697851e-05,3qiu
0.8337591886520386,0.16370674967765808,2.3478455056850814e-05,3rdt
0.8408285975456238,0.18858057260513306,3.03295710376928e-05,3rgv
0.7416135668754578,0.1701848953962326,2.3842630168538255e-05,3sjv
0.748250424861908,0.17742151021957397,2.9845993311315202e-05,3tfk
0.6326451301574707,0.11970825493335724,1.8196208497400836e-05,3tjh
0.8718708753585815,0.2226613312959671,2.873378314396625e-05,3uts
0.7669318318367004,0.14192205667495728,2.0857221223641125e-05,3vxm
0.7804062366485596,0.18141254782676697,2.3924798826424422e-05,3vxr
0.7484865188598633,0.1968131959438324,3.2089268958529185e-05,4e41
0.9639306664466858,0.2764488458633423,4.220404566442018e-05,4eup
0.8901051878929138,0.2412252426147461,4.021800884670711e-05,4ftv
0.886416494846344,0.23855002224445343,3.767173399495765e-05,4g8g
0.8286288976669312,0.17434221506118774,2.608691306996383e-05,4gg6
0.9328847527503967,0.21888989210128784,3.089528447558393e-05,4grl
0.8319979310035706,0.22609347105026245,3.713045361192915e-05,4h1l
0.8333300948143005,0.21768799424171448,3.5902412608159813e-05,4jfd
0.8158479928970337,0.2135094702243805,3.472974038186606e-05,4jry
0.7432149648666382,0.1281009018421173,1.617308107932967e-05,4may
0.7505742311477661,0.13746234774589539,2.0154668837729308e-05,4mji
0.7837622761726379,0.1839371770620346,3.0417779501387023e-05,4mnq
0.7576887607574463,0.16125600039958954,2.1666368361613045e-05,4ms8
0.7021655440330505,0.1183805838227272,1.3182770607018787e-05,4n5e
0.8318185806274414,0.16694803535938263,2.4176394551786374e-05,4ozf
0.9344910383224487,0.2707611918449402,4.499045028898865e-05,4ozg
0.9241739511489868,0.21563389897346497,3.482894223446212e-05,4ozh
0.7681785821914673,0.15103040635585785,3.3475408418582524e-05,4ozi
0.6730209589004517,0.1652660071849823,5.8809544949998307e-05,4p2o
0.6968177556991577,0.15737512707710266,5.2036256631267846e-05,4p2q
0.5786992311477661,0.1317635327577591,4.48972466633519e-05,4p2r
0.6156846284866333,0.12558263540267944,3.939331664352165e-05,4p4k
0.5879052877426147,0.11943001300096512,4.044218846601692e-05,4p5t
0.7277549505233765,0.21817061305046082,7.98252337717335e-05,4qrp
0.718131959438324,0.19797728955745697,7.21138541833445e-05,4qrr
0.6505048274993896,0.19662532210350037,7.214149235982599e-05,4wuu
0.8073370456695557,0.23612287640571594,8.243238394304172e-05,4y19
0.6946276426315308,0.15318404138088226,5.109536330620244e-05,4y1a
0.7380216121673584,0.1784750372171402,6.0837882510677675e-05,4z7u
0.642917275428772,0.1718626469373703,5.9638494814639634e-05,4z7v
0.8966500759124756,0.2508868873119354,4.2515288750101034e-05,4z7w
0.8452627062797546,0.24987836182117462,4.123969686634862e-05,5brz
0.758696973323822,0.21871498227119446,3.656452779010336e-05,5c07
0.801554799079895,0.18609142303466797,2.891519629943709e-05,5c0c
0.6505697965621948,0.1574632078409195,6.125518010817078e-05,5d2l
0.6740588545799255,0.21322566270828247,8.673052718942767e-05,5d2n
0.6676252484321594,0.1869373619556427,7.130032585491595e-05,5eu6
0.6167340278625488,0.12383773177862167,4.3895659084347095e-05,5euo
0.6971369385719299,0.1709897518157959,6.531205792214038e-05,5isz
0.5615185499191284,0.12455765902996063,4.815115025351456e-05,5ivx
0.7313330769538879,0.19564324617385864,7.683503707462376e-05,5ks9
0.5233331918716431,0.10436281561851501,4.1395344428006745e-05,5m00
0.6271060705184937,0.15006616711616516,5.7013974793162576e-05,5nht
0.614834725856781,0.13557377457618713,4.5247150822919253e-05,5nme
0.5965772271156311,0.1626642644405365,6.861884139854896e-05,5sws
0.6579682230949402,0.1637168526649475,6.842705573579154e-05,5tez
0.5447807908058167,0.10684213787317276,4.252961745779578e-05,5w1v
0.5935636162757874,0.1662619262933731,6.732755182285851e-05,5wkf
0.6000415682792664,0.13366742432117462,5.4768214860685194e-05,5wlg
0.697128176689148,0.2259656935930252,9.552429369109644e-05,5xot
0.6228291988372803,0.17476624250411987,7.318743201951042e-05,6amu
0.6911960244178772,0.15342502295970917,5.821705384461617e-05,6avf
0.6203983426094055,0.1566283404827118,6.610460790843648e-05,6avg
0.5913040041923523,0.1224500760436058,5.0260575554415423e-05,6bj2
0.6238049864768982,0.14085878431797028,5.815644270090003e-05,6cql
0.6860039830207825,0.14911772310733795,2.2866253399692418e-05,6l9l
0.940503716468811,0.2614057958126068,4.391617242417547e-05,6mtm
0.8373473882675171,0.22115558385849,2.9072600940633303e-05,6p64
0.7649124264717102,0.20589479804039001,9.012602169828523e-05,6px6
0.5950038433074951,0.13957588374614716,5.794982324379648e-05,6py2
0.8673109412193298,0.24073444306850433,4.0735174827401534e-05,6r2l
0.9024717807769775,0.1747131049633026,2.2978490130474224e-05,6rp9
0.6967868208885193,0.1331457793712616,2.4703795777597982e-05,6rpa
0.7426008582115173,0.14833684265613556,2.303471764662835e-05,6rpb
0.8456656336784363,0.20594869554042816,3.349853925332186e-05,6rsy
0.8605818152427673,0.202767014503479,3.302684409501986e-05,6tro
0.9045413136482239,0.22899138927459717,3.746474628426741e-05,6u3n
0.9955649375915527,0.269138902425766,4.329572437154758e-05,6ulr
0.7218275666236877,0.1451415866613388,2.3279814302440614e-05,6uon
0.8545945286750793,0.2333543598651886,3.8593375988763827e-05,6vm7
0.8464586138725281,0.2057071030139923,3.362222762484433e-05,6vma
0.8432855606079102,0.25981518626213074,4.385834277114284e-05,6vmx
0.9654970765113831,0.2458324134349823,3.7045019011522874e-05,6vqo
0.7675690650939941,0.19284819066524506,3.2272536359433496e-05,6vrm
0.8058145046234131,0.21273444592952728,3.565510062631794e-05,6vrn
0.9614377021789551,0.25380223989486694,4.2233705032767357e-05,7jwj
0.8419647216796875,0.22231611609458923,3.7100093664118156e-05,7n1e
0.8459637761116028,0.21979205310344696,3.601139142638977e-05,7n1f
0.7785304188728333,0.19912394881248474,3.2768056567668276e-05,7n6e
