mean_deltaV,std_deltaV,min_deltaV,max_deltaV,range_deltaV,slope_deltaV,drift_deltaV,contrast_deltaV,fluct_deltaV,n_frames,pdb,mean_rmsd,std_rmsd,slope_rmsd,Perp_dist,label
-1.5597606897354126,95.04679870605467,-151.7734375,1037.845703125,1189.619140625,-0.0030170170758176,10.650790929794312,-3.375859260559082,60.936743947197336,1000,1ao7,0.921588659286499,0.2396907806396484,3.787218838024542e-05,8.350287750085,0
-22.07364654541016,101.5021743774414,-205.744140625,1095.560546875,1301.3046875,0.1387053848709498,19.524950981140137,26.996601104736328,4.5983417180432,1000,1fo0,0.8431910872459412,0.2086231708526611,3.388714355400161e-05,5.974696455485759,0
-17.8915958404541,97.22876739501952,-205.189453125,1012.1064453125,1217.2958984375,-0.3862797846801639,-44.89618158340454,-45.41527557373047,5.434325860460859,1000,1fyt,0.7473472356796265,0.1504866182804107,2.361868126327048e-05,19.68899437774596,1
0.8806201219558716,93.4606704711914,-169.0673828125,993.4150390625,1162.482421875,-0.4141571642318403,-34.161787033081055,-67.62849426269531,106.13039835294204,1000,1kj2,0.7303830981254578,0.1987208873033523,3.325273750842815e-05,2.30370670964654,0
-16.140077590942383,97.1204833984375,-159.3837890625,1019.681640625,1179.0654296875,-0.3055283354740118,-31.21443402767181,-45.20386505126953,6.01734885311775,1000,1lp9,0.724585771560669,0.1763107776641845,2.8402567465470857e-05,19.791593705163933,1
-10.238207817077637,89.3938980102539,-171.2666015625,903.435546875,1074.7021484375,-0.1371679313955505,0.1498928070068359,-21.99007797241211,8.73140015088794,1000,1nam,0.7836995124816895,0.2531025409698486,4.273520863120674e-05,16.92882850118425,1
-8.801958084106445,89.2447509765625,-191.17578125,974.68359375,1165.859375,-0.0088839523234176,4.484970569610596,0.5272846221923828,10.13919175535709,1000,1u3h,0.809776246547699,0.2045769840478897,3.401396453062953e-05,9.869010308927912,1
-1.2901757955551147,84.9389419555664,-148.7275390625,898.783203125,1047.5107421875,0.1162076840006938,15.237832069396973,18.7318172454834,65.83511829401672,1000,1ymm,0.8586812615394592,0.207843616604805,3.367061419061449e-05,6.462576265936035,0
-27.71791076660156,99.39929962158205,-210.04296875,1080.7587890625,1290.8017578125,-0.3626799795971467,-24.55972576141357,-51.0568733215332,3.586103471956076,1000,2bnq,0.7879586815834045,0.1823910921812057,2.8713764375833216e-05,8.458578948715152,1
-5.355527400970459,73.97220611572266,-174.9501953125,733.9267578125,908.876953125,-0.2527762727759601,-22.227832794189453,-31.538349151611328,13.812307689810472,1000,2e7l,0.8689877986907959,0.2501136362552643,4.02366629136352e-05,8.188281345254445,0
-24.7059326171875,101.29640197753906,-232.16015625,1086.3857421875,1318.5458984375,-0.1795555501680511,-5.2215118408203125,-33.58423614501953,4.100083953397692,1000,2esv,0.9193075299263,0.2235577553510666,3.48101811347798e-05,4.457654539872286,0
-15.743183135986328,94.5905990600586,-170.2548828125,939.505859375,1109.7607421875,-0.1528492919354234,-1.844804763793945,-31.57154083251953,6.0083524554502326,1000,2iam,0.7415604591369629,0.177589550614357,2.778651108080477e-05,17.459890766271794,1
-10.514516830444336,96.5745086669922,-173.8212890625,1094.0751953125,1267.896484375,-0.2061624712004518,-14.106728315353394,-27.52042961120605,9.18487278488081,1000,2nx5,0.9379643797874452,0.2722855508327484,4.5739883908254645e-05,10.434403585878568,1
-31.681337356567383,98.32076263427734,-240.927734375,1034.4560546875,1275.3837890625,0.0168701351322849,9.162851333618164,1.7942180633544922,3.103428318832242,1000,2pxy,0.7496902346611023,0.1858744621276855,3.07042085134837e-05,5.5726721124414444,0
-6.483354568481445,97.54757690429688,-196.87890625,1066.96875,1263.84765625,-0.1236282325515167,-10.340830087661743,-19.04052734375,15.045847150281288,1000,2ypl,0.7574514746665955,0.1760048121213913,2.8145235190101968e-05,2.488858897077112,0
-18.248876571655277,96.68737030029295,-180.2001953125,998.126953125,1178.3271484375,-0.2338532110763709,-22.838945865631104,-34.93855285644531,5.298263957366387,1000,3c5z,0.7976065278053284,0.2251771837472915,3.756667181832022e-05,8.675181722172894,1
-14.900786399841309,90.5545883178711,-163.412109375,936.21484375,1099.626953125,-0.1107766261051057,-7.442801475524902,-8.456718444824219,6.077167997097623,1000,3c60,0.9151721596717834,0.2173162400722503,2.9918479891217185e-05,3.833952444786406,0
4.148916244506836,92.28026580810548,-163.3837890625,985.16015625,1148.5439453125,-0.1940977201187844,-15.452129364013672,-28.953027725219727,22.24201167913977,1000,3ffc,0.8284186720848083,0.1998905688524246,3.260358365503944e-05,5.4992367068667205,0
28.36355972290039,101.25536346435548,-138.6689453125,1109.6748046875,1248.34375,0.2177951067429026,29.61313533782959,31.392597198486328,3.5699101552719763,1000,3gjf,0.876838207244873,0.2066941410303115,3.355990999547208e-05,2.757301556394377,0
38.140586853027344,88.90293884277344,-154.2177734375,872.2626953125,1026.48046875,-0.067707727361153,-11.014999389648438,-6.647090911865234,2.330927336132207,1000,3gsn,0.8448047041893005,0.2164404988288879,3.461968659092618e-05,9.180238039687058,1
-9.07512664794922,96.43134307861328,-240.5908203125,927.3427734375,1167.93359375,-0.6351229254364175,-64.46980285644531,-89.025390625,10.625893851796638,1000,3hg1,0.8826419711112976,0.2421865910291671,3.761460940287296e-05,24.9902865045848,1
-0.631518542766571,100.71300506591795,-174.369140625,1143.4208984375,1317.7900390625,-0.3186002079251203,-27.96793937683105,-45.70767593383789,159.47725801914663,1000,3kpr,0.8066797256469727,0.1858647167682647,2.851479674653081e-05,8.571795401055887,1
13.049155235290527,93.1249771118164,-190.0458984375,1025.1494140625,1215.1953125,-0.345367435211271,-40.247469902038574,-40.12898635864258,7.136474989851562,1000,3o4l,0.9077908992767334,0.2335768938064575,3.764445306477504e-05,9.590344990496408,1
-19.384092330932617,96.1580581665039,-205.470703125,976.3505859375,1181.8212890625,-0.2013868095725832,-8.56705093383789,-46.62052917480469,4.960668344134386,1000,3o6f,0.7045670747756958,0.1314717531204223,2.008416188129276e-05,24.75572721808431,1
40.118011474609375,98.69471740722656,-138.6435546875,1059.673828125,1198.3173828125,0.165698732556204,17.741397857666016,17.528888702392578,2.460109843918372,1000,3pl6,0.829003095626831,0.2191337198019027,3.674133813871111e-05,16.083127147543102,1
-1.0460205078125,92.25154876708984,-196.65625,987.5849609375,1184.2412109375,-0.153568253024685,-4.444833874702454,-28.01398468017578,88.19278387498127,1000,3pqy,0.9180873036384584,0.2073685079813003,3.087339978150103e-05,6.560641883086681,0
0.5153271555900574,101.55390167236328,-186.09765625,1089.4326171875,1275.5302734375,-0.0503366038740812,4.171376943588257,-14.936776161193848,197.0664722483148,1000,3pwp,0.8241769671440125,0.24254210293293,4.063486152941202e-05,9.94725649740726,1
-0.2438915967941284,91.9676284790039,-237.2412109375,962.8310546875,1200.072265625,0.0520207944163444,3.8056933879852295,23.288827896118164,377.08249322809286,1000,3qdg,0.7877021431922913,0.1935747861862182,3.2283069984907066e-05,1.3071391191299306,0
-19.83702087402344,99.8476333618164,-179.634765625,1080.5107421875,1260.1455078125,-0.2113910298929351,-30.087928771972656,-24.78951072692871,5.033398359688598,1000,3qdm,0.7769550085067749,0.1458160430192947,2.0376983652496467e-05,7.051905722312824,0
2.539892673492432,97.54719543457033,-165.0078125,961.431640625,1126.439453125,0.0272825619468609,6.408125042915344,8.539375305175781,38.40601535907601,1000,3qiu,0.8527259826660156,0.2258637994527816,3.805531486697851e-05,13.524993927128524,1
-44.82645034790039,87.26725006103516,-190.84765625,795.1904296875,986.0380859375,-0.4822376714203011,-46.33495330810547,-67.25187683105469,1.9467802477548255,1000,3sjv,0.7416135668754578,0.1701848953962326,2.3842630168538252e-05,25.650509256403296,1
22.04704093933105,98.7161102294922,-207.2353515625,1053.88671875,1261.1220703125,-0.086122824945624,-11.356483459472656,-9.519609451293944,4.477521769185123,1000,3tfk,0.748250424861908,0.1774215102195739,2.98459933113152e-05,0.7300356496403304,0
-9.353174209594728,93.00098419189452,-239.4326171875,1030.7939453125,1270.2265625,-0.4503401891687918,-41.148789405822754,-61.17449188232422,9.94325265033972,1000,3uts,0.8718708753585815,0.2226613312959671,2.873378314396625e-05,15.161383278447138,1
18.4351806640625,96.1377944946289,-142.595703125,1018.3857421875,1160.9814453125,-0.2243876382554093,-22.02350616455078,-40.37615203857422,5.214908984707197,1000,3vxr,0.7804062366485596,0.1814125478267669,2.3924798826424425e-05,1.4657510090823538,0
38.62751007080078,95.3631362915039,-158.2490234375,1029.6494140625,1187.8984375,-0.0565180145128634,-8.795623779296875,-0.1117782592773437,2.4687880126863933,1000,4ftv,0.8901051878929138,0.2412252426147461,4.021800884670711e-05,24.70729823694025,1
41.71232986450195,97.3184814453125,-202.3876953125,980.8798828125,1183.267578125,-0.0878538630946245,-11.62002944946289,-2.599140167236328,2.3330866299809805,1000,4gg6,0.8286288976669312,0.1743422150611877,2.608691306996383e-05,7.518362420088119,0
-0.7754199504852295,95.8738021850586,-218.1318359375,946.82421875,1164.9560546875,0.3900542870017062,51.3466796875,62.9760971069336,123.64097478287675,1000,4h1l,0.8319979310035706,0.2260934710502624,3.713045361192915e-05,4.058996044209506,0
7.837881088256836,102.33935546875,-163.6640625,1097.4658203125,1261.1298828125,-0.1194655486504351,-3.0031442642211914,-10.96078109741211,13.057016463934904,1000,4jry,0.8158479928970337,0.2135094702243805,3.472974038186606e-05,6.486904669081266,0
13.132739067077637,91.9149169921875,-165.4208984375,980.7275390625,1146.1484375,0.1600873046728513,25.667569041252136,24.359474182128903,6.99891389936273,1000,4may,0.7432149648666382,0.1281009018421173,1.617308107932967e-05,4.867644870107911,0
41.79546356201172,101.95883178710938,-191.2509765625,1049.7421875,1240.9931640625,0.3385459941674318,52.97489547729492,40.41884613037109,2.439471192761444,1000,4mji,0.7505742311477661,0.1374623477458953,2.0154668837729308e-05,5.279897011302558,0
61.6778678894043,95.36939239501952,-106.7041015625,1025.5,1132.2041015625,-0.070900905090987,2.477741241455078,-11.08382797241211,1.5462497993571749,1000,4mnq,0.7837622761726379,0.1839371770620346,3.0417779501387023e-05,2.7147816891461263,0
4.48300313949585,98.21896362304688,-149.00390625,1072.2529296875,1221.2568359375,-0.0267822855239347,1.142822504043579,10.568984985351562,21.909184236018216,1000,4ms8,0.7576887607574463,0.1612560003995895,2.1666368361613045e-05,17.889814959940978,1
-6.214465141296387,70.00074768066406,-193.4189453125,666.1865234375,859.60546875,-0.0596734338524478,-1.446606159210205,-4.865918159484863,11.264161086258868,1000,4n5e,0.7021655440330505,0.1183805838227272,1.3182770607018787e-05,11.421806827864255,1
14.837632179260254,91.53694152832033,-152.8251953125,949.0654296875,1101.890625,0.1085846787282964,11.832098960876465,26.31867218017578,6.169241443188447,1000,4ozg,0.9344910383224488,0.2707611918449402,4.499045028898865e-05,0.3488503658497884,0
-7.096631050109863,95.88172912597656,-163.5859375,1016.005859375,1179.591796875,-0.48917925389541,-45.71414089202881,-69.47251892089844,13.510877899396265,1000,4ozh,0.9241739511489868,0.2156338989734649,3.482894223446212e-05,12.399720561444164,1
18.250503540039062,81.37832641601562,-137.7578125,789.34765625,927.10546875,0.1101238842006207,20.257431983947757,11.557226181030272,4.458963106334015,1000,4qrp,0.7277549505233765,0.2181706130504608,7.98252337717335e-05,4.441323119715372,0
23.671781539916992,99.36492156982422,-171.578125,1049.0029296875,1220.5810546875,0.1338047506363433,8.80135726928711,26.860937118530277,4.197610441979527,1000,4qrr,0.718131959438324,0.1979772895574569,7.21138541833445e-05,12.566322866492198,1
12.392412185668944,96.157470703125,-132.08984375,1062.673828125,1194.763671875,0.2160407682067046,38.35482406616211,21.700586318969727,7.759382233504378,1000,4wuu,0.6505048274993896,0.1966253221035003,7.214149235982599e-05,8.770917950493708,1
52.790184020996094,91.19905090332033,-136.6865234375,1032.8515625,1169.5380859375,0.0300995503403204,20.13564682006836,-2.1907615661621094,1.727575890613908,1000,4y1a,0.6946276426315308,0.1531840413808822,5.109536330620244e-05,3.0481849225539817,0
-13.691210746765137,92.75251770019533,-184.41796875,979.3125,1163.73046875,-0.0148917160429012,2.9867382049560547,-6.855859756469727,6.774602527209487,1000,4z7v,0.642917275428772,0.1718626469373703,5.9638494814639634e-05,13.557994089860776,1
20.31623077392578,95.08617401123048,-225.03125,1027.6728515625,1252.7041015625,-0.0979697754162606,-11.791699409484863,-15.172225952148438,4.680305632920854,1000,4z7w,0.8966500759124756,0.2508868873119354,4.251528875010104e-05,5.948186100576871,0
9.972031593322754,96.31903839111328,-166.2353515625,1058.0654296875,1224.30078125,0.1191186723027454,25.55267596244812,21.512792587280277,9.658917326003152,1000,5brz,0.8452627062797546,0.2498783618211746,4.123969686634862e-05,2.015336102555761,0
8.153334617614746,99.9814910888672,-121.287109375,1126.6552734375,1247.9423828125,0.0054681984725396,10.2008695602417,3.439394950866699,12.262648783016337,1000,5c07,0.758696973323822,0.2187149822711944,3.656452779010336e-05,15.857156137092222,1
-22.67276382446289,98.56866455078124,-201.591796875,1044.232421875,1245.82421875,-0.4732121061815609,-45.48554855585098,-65.59593963623047,4.347447932085905,1000,5c0c,0.801554799079895,0.1860914230346679,2.891519629943709e-05,20.29540847873719,1
-29.613109588623047,93.98111724853516,-222.849609375,931.3017578125,1154.1513671875,-0.2209667880857178,-8.084129333496094,-44.01513671875,3.1736320629769104,1000,5d2l,0.6505697965621948,0.1574632078409195,6.125518010817078e-05,9.977816859581164,1
-16.323326110839844,97.24408721923828,-151.859375,1061.78125,1213.640625,-0.3096666188627375,-30.107821345329285,-42.80859375,5.957369264177848,1000,5d2n,0.6740588545799255,0.2132256627082824,8.673052718942767e-05,1.220381890946089,0
-14.562251091003418,100.1195068359375,-150.74609375,1080.263671875,1231.009765625,0.0281608478200235,9.011514663696287,9.251797676086426,6.875276310989801,1000,5eu6,0.6676252484321594,0.1869373619556427,7.130032585491595e-05,0.2910672706594342,0
-4.907182693481445,99.87516784667967,-179.244140625,1140.4873046875,1319.7314453125,-0.311517479099087,-39.39866256713867,-32.00015640258789,20.35284882026137,1000,5euo,0.6167340278625488,0.1238377317786216,4.3895659084347095e-05,7.31007217030506,0
20.380868911743164,91.4816665649414,-119.1865234375,1026.80078125,1145.9873046875,0.0142320232810504,8.793163299560547,1.996543884277344,4.4886046062357225,1000,5isz,0.6971369385719299,0.1709897518157959,6.531205792214038e-05,3.8326411084005,0
-8.458159446716309,92.7642593383789,-215.29296875,991.9931640625,1207.2861328125,0.1458908648009168,25.686826705932617,17.272245407104492,10.967427246475628,1000,5ivx,0.5615185499191284,0.1245576590299606,4.815115025351456e-05,12.616114670733928,1
-8.816000938415527,97.76422119140624,-164.255859375,1053.4482421875,1217.7041015625,0.0988279455521542,9.850282907485962,22.215839385986328,11.08940559159826,1000,5nht,0.6271060705184937,0.1500661671161651,5.7013974793162576e-05,6.056736108741013,0
-19.02093315124512,95.36785888671876,-190.8857421875,1037.9716796875,1228.857421875,-0.1577746116016184,-7.067002296447754,-18.52179718017578,5.013836761559681,1000,5nme,0.614834725856781,0.1355737745761871,4.524715082291925e-05,3.5227850894080106,0
-14.963637351989746,95.2724838256836,-164.0380859375,1022.3330078125,1186.37109375,-0.0648519862898917,-4.620145797729492,4.196698188781738,6.366933066984676,1000,5sws,0.5965772271156311,0.1626642644405365,6.861884139854896e-05,24.539907823348745,1
-21.33425712585449,93.2244873046875,-181.2080078125,985.3564453125,1166.564453125,-0.3594786402863199,-38.09861278533936,-49.59556579589844,4.369708417079238,1000,5tez,0.6579682230949402,0.1637168526649475,6.842705573579154e-05,16.80446736740649,1
-27.05657768249512,100.23835754394533,-237.115234375,1086.2265625,1323.341796875,-0.5221117605576857,-45.20065593719482,-68.6197509765625,3.7047683936770928,1000,5w1v,0.5447807908058167,0.1068421378731727,4.252961745779578e-05,11.265228320090394,1
-9.021435737609863,100.17777252197266,-159.84765625,1097.337890625,1257.185546875,-0.2151247829047288,-5.282129287719727,-38.668067932128906,11.10441445588563,1000,5wkf,0.5935636162757874,0.1662619262933731,6.732755182285851e-05,6.66949381936401,0
-15.856249809265137,95.61920928955078,-219.5693359375,988.833984375,1208.4033203125,-0.2006607064590679,-11.609745979309082,-26.023944854736328,6.03037946610169,1000,5wlg,0.6000415682792664,0.1336674243211746,5.47682148606852e-05,8.149389717946123,0
3.0430078506469727,97.05767822265624,-125.3349609375,1080.197265625,1205.5322265625,-0.2018204288115016,-13.785234451293944,-25.45814514160156,31.895299352159576,1000,5xot,0.697128176689148,0.2259656935930252,9.552429369109644e-05,11.141201470555362,1
28.723670959472656,87.38094329833984,-135.4599609375,936.22265625,1071.6826171875,-0.0596384206480166,1.5938091278076172,-11.451700210571287,3.0421230064745552,1000,6avf,0.6911960244178772,0.1534250229597091,5.821705384461617e-05,3.272622438775966,0
-34.08258819580078,100.9541473388672,-198.275390625,1059.21875,1257.494140625,-0.4309017701028463,-47.29396343231201,-61.44359588623047,2.962044543003953,1000,6avg,0.6203983426094055,0.1566283404827118,6.610460790843648e-05,10.067901275546763,1
0.540771484375,93.1159210205078,-154.9970703125,994.822265625,1149.8193359375,-0.2849748260308072,-30.456445693969727,-27.12908172607422,172.19056758800684,1000,6bj2,0.5913040041923523,0.1224500760436058,5.0260575554415423e-05,10.049028381744863,1
4.328159332275391,95.52220153808594,-202.4150390625,1060.466796875,1262.8818359375,-0.1923270774640464,-4.767138719558716,-37.39166259765625,22.069931380723187,1000,6l9l,0.6860039830207825,0.1491177231073379,2.2866253399692415e-05,17.576905156170273,1
18.747032165527344,92.8369369506836,-147.48828125,1055.763671875,1203.251953125,-0.1806581326642544,-16.743925094604492,-20.72132873535156,4.952086878546477,1000,6mtm,0.940503716468811,0.2614057958126068,4.391617242417547e-05,10.756424645647844,1
-19.66078186035156,127.85787963867188,-178.806640625,1489.0966796875,1667.9033203125,-0.3839317960488077,-40.66992247104645,-58.43210983276367,6.503193720556944,1000,6p64,0.8373473882675171,0.22115558385849,2.9072600940633303e-05,2.71544955361055,0
5.553232192993164,90.17638397216795,-131.142578125,920.9287109375,1052.0712890625,-0.293328923066827,-26.963828563690186,-46.693965911865234,16.238537233759377,1000,6px6,0.7649124264717102,0.20589479804039,9.012602169828524e-05,5.848046255836404,0
5.817173004150391,96.9006576538086,-157.767578125,1029.15625,1186.923828125,-0.2583149034292266,-17.162919998168945,-38.14912033081055,16.65768594590306,1000,6py2,0.5950038433074951,0.1395758837461471,5.794982324379648e-05,3.518445575490288,0
-11.1582670211792,124.36859893798828,-199.9521484375,1430.59375,1630.5458984375,-0.3007795148491998,-35.41918897628784,-22.783496856689453,11.145869475614647,1000,6r2l,0.8673109412193298,0.2407344430685043,4.0735174827401534e-05,4.369713340960235,0
-9.488617897033691,120.04451751708984,-199.11328125,1369.7626953125,1568.8759765625,-0.0600104643729377,10.755888938903809,-5.847343444824219,12.65142154192934,1000,6rp9,0.9024717807769777,0.1747131049633026,2.2978490130474224e-05,2.4880251801259274,0
-6.180595874786377,134.5996856689453,-199.908203125,1526.80078125,1726.708984375,-0.7000756361682485,-85.21990203857422,-89.21517944335938,21.77778107775352,1000,6rpb,0.7426008582115173,0.1483368426561355,2.303471764662835e-05,9.76100952110304,1
21.21922874450684,120.35816192626952,-187.2431640625,1353.640625,1540.8837890625,-0.1494587017995765,-21.01498031616211,-10.069082260131836,5.672126810231057,1000,6tro,0.8605818152427673,0.202767014503479,3.302684409501986e-05,17.69889009726259,1
9.374380111694336,118.39280700683594,-174.4794921875,1376.4970703125,1550.9765625,-0.3242300830469982,-19.80895584821701,-43.126075744628906,12.629399807432996,1000,6ulr,0.9955649375915528,0.269138902425766,4.329572437154758e-05,26.159200749421863,1
-8.4233980178833,122.66671752929688,-200.4990234375,1352.8076171875,1553.306640625,-0.0985461252742257,11.792168378829956,-18.13507843017578,14.56261507603632,1000,6uon,0.7218275666236877,0.1451415866613388,2.327981430244061e-05,4.776061343722833,0
33.44756317138672,115.64067840576172,-182.265625,1321.9013671875,1504.1669921875,-0.2869353142519973,-28.6583309173584,-37.86701202392578,3.4573721964688984,1000,6vm7,0.8545945286750793,0.2333543598651886,3.859337598876383e-05,10.485624886936188,1
15.55657196044922,128.77655029296875,-179.2236328125,1529.271484375,1708.4951171875,-0.0844458709123981,-3.288145065307617,-13.523283004760742,8.27795110275047,1000,6vma,0.8464586138725281,0.2057071030139923,3.362222762484433e-05,15.195428055705117,1
33.791160583496094,121.71338653564452,-158.3681640625,1412.6845703125,1571.052734375,0.0545012946612726,20.31374931335449,-2.15859603881836,3.601929641717036,1000,6vmx,0.8432855606079102,0.2598151862621307,4.385834277114284e-05,10.267481475494424,1
44.90380859375,120.49900817871094,-165.421875,1434.4365234375,1599.8583984375,-0.1428446233616781,-16.648574829101562,-10.49445343017578,2.6834918744952714,1000,6vqo,0.9654970765113832,0.2458324134349823,3.704501901152288e-05,0.2219361177189596,0
62.06666564941406,119.4552764892578,-140.0517578125,1391.2099609375,1531.26171875,-0.0343199021870083,6.559970855712891,-1.6233978271484375,1.924628515399506,1000,6vrm,0.7675690650939941,0.192848190665245,3.2272536359433496e-05,18.080830095675203,1
66.1172866821289,119.89644622802734,-163.603515625,1385.078125,1548.681640625,-0.0194091990971656,13.302719116210938,0.4367218017578125,1.813390271005243,1000,6vrn,0.8058145046234131,0.2127344459295272,3.565510062631794e-05,6.488562241021235,0
