mean_deltaV,std_deltaV,min_deltaV,max_deltaV,range_deltaV,slope_deltaV,drift_deltaV,contrast_deltaV,fluct_deltaV,n_frames,pdb
-1.5597606897354126,95.04679870605469,-151.7734375,1037.845703125,1189.619140625,-0.0030170170758176637,10.650790929794312,-3.375859260559082,60.936743947197336,1000,1ao7
-22.073646545410156,101.5021743774414,-205.744140625,1095.560546875,1301.3046875,0.13870538487094988,19.524950981140137,26.996601104736328,4.5983417180432,1000,1fo0
-17.8915958404541,97.22876739501953,-205.189453125,1012.1064453125,1217.2958984375,-0.38627978468016394,-44.89618158340454,-45.41527557373047,5.434325860460859,1000,1fyt
0.8806201219558716,93.4606704711914,-169.0673828125,993.4150390625,1162.482421875,-0.41415716423184035,-34.161787033081055,-67.62849426269531,106.13039835294204,1000,1kj2
-16.140077590942383,97.1204833984375,-159.3837890625,1019.681640625,1179.0654296875,-0.30552833547401187,-31.214434027671814,-45.20386505126953,6.01734885311775,1000,1lp9
-10.238207817077637,89.3938980102539,-171.2666015625,903.435546875,1074.7021484375,-0.13716793139555059,0.14989280700683594,-21.99007797241211,8.73140015088794,1000,1nam
-8.801958084106445,89.2447509765625,-191.17578125,974.68359375,1165.859375,-0.008883952323417642,4.484970569610596,0.5272846221923828,10.13919175535709,1000,1u3h
-1.2901757955551147,84.9389419555664,-148.7275390625,898.783203125,1047.5107421875,0.1162076840006938,15.237832069396973,18.7318172454834,65.83511829401672,1000,1ymm
253.2290802001953,82.93911743164062,31.2265625,1067.1708984375,1035.9443359375,-0.12773417870603104,-12.222869873046875,-18.076934814453125,0.32752603705129524,1000,1zgl
-27.717910766601562,99.39929962158203,-210.04296875,1080.7587890625,1290.8017578125,-0.3626799795971467,-24.559725761413574,-51.0568733215332,3.5861034719560756,1000,2bnq
-5.355527400970459,73.97220611572266,-174.9501953125,733.9267578125,908.876953125,-0.2527762727759601,-22.227832794189453,-31.538349151611328,13.812307689810472,1000,2e7l
-24.7059326171875,101.29640197753906,-232.16015625,1086.3857421875,1318.5458984375,-0.17955555016805116,-5.2215118408203125,-33.58423614501953,4.100083953397692,1000,2esv
-15.743183135986328,94.5905990600586,-170.2548828125,939.505859375,1109.7607421875,-0.1528492919354234,-1.8448047637939453,-31.57154083251953,6.0083524554502326,1000,2iam
-10.514516830444336,96.57450866699219,-173.8212890625,1094.0751953125,1267.896484375,-0.2061624712004518,-14.106728315353394,-27.520429611206055,9.18487278488081,1000,2nx5
-31.681337356567383,98.32076263427734,-240.927734375,1034.4560546875,1275.3837890625,0.01687013513228495,9.162851333618164,1.7942180633544922,3.103428318832242,1000,2pxy
-10.667206764221191,99.03289031982422,-233.4267578125,1068.7490234375,1302.17578125,-0.23937278656575814,-35.146992683410645,-22.696210861206055,9.283862516673741,1000,2xn9
-6.483354568481445,97.54757690429688,-196.87890625,1066.96875,1263.84765625,-0.12362823255151673,-10.340830087661743,-19.04052734375,15.045847150281288,1000,2ypl
-18.248876571655273,96.68737030029297,-180.2001953125,998.126953125,1178.3271484375,-0.2338532110763709,-22.838945865631104,-34.93855285644531,5.298263957366387,1000,3c5z
-14.900786399841309,90.5545883178711,-163.412109375,936.21484375,1099.626953125,-0.11077662610510577,-7.442801475524902,-8.456718444824219,6.0771679970976225,1000,3c60
4.148916244506836,92.28026580810547,-163.3837890625,985.16015625,1148.5439453125,-0.19409772011878443,-15.452129364013672,-28.953027725219727,22.242011679139775,1000,3ffc
28.36355972290039,101.25536346435547,-138.6689453125,1109.6748046875,1248.34375,0.21779510674290264,29.61313533782959,31.392597198486328,3.5699101552719763,1000,3gjf
38.140586853027344,88.90293884277344,-154.2177734375,872.2626953125,1026.48046875,-0.06770772736115306,-11.014999389648438,-6.647090911865234,2.330927336132207,1000,3gsn
-9.075126647949219,96.43134307861328,-240.5908203125,927.3427734375,1167.93359375,-0.6351229254364175,-64.46980285644531,-89.025390625,10.625893851796638,1000,3hg1
-0.631518542766571,100.71300506591797,-174.369140625,1143.4208984375,1317.7900390625,-0.3186002079251203,-27.967939376831055,-45.70767593383789,159.47725801914663,1000,3kpr
13.049155235290527,93.1249771118164,-190.0458984375,1025.1494140625,1215.1953125,-0.34536743521127106,-40.247469902038574,-40.12898635864258,7.136474989851562,1000,3o4l
-19.384092330932617,96.1580581665039,-205.470703125,976.3505859375,1181.8212890625,-0.20138680957258326,-8.56705093383789,-46.62052917480469,4.960668344134386,1000,3o6f
40.118011474609375,98.69471740722656,-138.6435546875,1059.673828125,1198.3173828125,0.16569873255620404,17.741397857666016,17.528888702392578,2.460109843918372,1000,3pl6
-1.0460205078125,92.25154876708984,-196.65625,987.5849609375,1184.2412109375,-0.15356825302468502,-4.444833874702454,-28.01398468017578,88.19278387498127,1000,3pqy
0.5153271555900574,101.55390167236328,-186.09765625,1089.4326171875,1275.5302734375,-0.05033660387408124,4.171376943588257,-14.936776161193848,197.06647224831477,1000,3pwp
-0.24389159679412842,91.9676284790039,-237.2412109375,962.8310546875,1200.072265625,0.05202079441634445,3.8056933879852295,23.288827896118164,377.08249322809286,1000,3qdg
-19.837020874023438,99.8476333618164,-179.634765625,1080.5107421875,1260.1455078125,-0.21139102989293512,-30.087928771972656,-24.78951072692871,5.033398359688598,1000,3qdm
2.5398926734924316,97.54719543457031,-165.0078125,961.431640625,1126.439453125,0.0272825619468609,6.408125042915344,8.539375305175781,38.40601535907601,1000,3qiu
-44.82645034790039,87.26725006103516,-190.84765625,795.1904296875,986.0380859375,-0.48223767142030116,-46.33495330810547,-67.25187683105469,1.9467802477548257,1000,3sjv
22.047040939331055,98.71611022949219,-207.2353515625,1053.88671875,1261.1220703125,-0.08612282494562404,-11.356483459472656,-9.519609451293945,4.477521769185123,1000,3tfk
-9.353174209594727,93.00098419189453,-239.4326171875,1030.7939453125,1270.2265625,-0.4503401891687918,-41.148789405822754,-61.17449188232422,9.943252650339721,1000,3uts
18.4351806640625,96.1377944946289,-142.595703125,1018.3857421875,1160.9814453125,-0.2243876382554093,-22.02350616455078,-40.37615203857422,5.214908984707197,1000,3vxr
38.62751007080078,95.3631362915039,-158.2490234375,1029.6494140625,1187.8984375,-0.05651801451286341,-8.795623779296875,-0.11177825927734375,2.4687880126863933,1000,4ftv
41.71232986450195,97.3184814453125,-202.3876953125,980.8798828125,1183.267578125,-0.08785386309462455,-11.62002944946289,-2.599140167236328,2.3330866299809805,1000,4gg6
-20.158056259155273,99.25233459472656,-222.3310546875,1100.06640625,1322.3974609375,-0.2974163480063565,-18.529902458190918,-48.25425720214844,4.9237053610237504,1000,4grl
-0.7754199504852295,95.8738021850586,-218.1318359375,946.82421875,1164.9560546875,0.39005428700170625,51.3466796875,62.976097106933594,123.64097478287677,1000,4h1l
7.837881088256836,102.33935546875,-163.6640625,1097.4658203125,1261.1298828125,-0.1194655486504351,-3.0031442642211914,-10.96078109741211,13.057016463934904,1000,4jry
13.132739067077637,91.9149169921875,-165.4208984375,980.7275390625,1146.1484375,0.16008730467285134,25.667569041252136,24.359474182128906,6.99891389936273,1000,4may
41.79546356201172,101.95883178710938,-191.2509765625,1049.7421875,1240.9931640625,0.3385459941674318,52.97489547729492,40.418846130371094,2.439471192761444,1000,4mji
61.6778678894043,95.36939239501953,-106.7041015625,1025.5,1132.2041015625,-0.07090090509098701,2.477741241455078,-11.08382797241211,1.5462497993571749,1000,4mnq
4.48300313949585,98.21896362304688,-149.00390625,1072.2529296875,1221.2568359375,-0.026782285523934708,1.142822504043579,10.568984985351562,21.909184236018216,1000,4ms8
-6.214465141296387,70.00074768066406,-193.4189453125,666.1865234375,859.60546875,-0.059673433852447874,-1.446606159210205,-4.865918159484863,11.264161086258868,1000,4n5e
14.837632179260254,91.53694152832031,-152.8251953125,949.0654296875,1101.890625,0.10858467872829645,11.832098960876465,26.31867218017578,6.169241443188447,1000,4ozg
-7.096631050109863,95.88172912597656,-163.5859375,1016.005859375,1179.591796875,-0.48917925389541006,-45.71414089202881,-69.47251892089844,13.510877899396265,1000,4ozh
128.41917419433594,97.16736602783203,-70.9267578125,1134.2646484375,1205.19140625,-0.08346472187195347,2.264801025390625,-16.097366333007812,0.7566421905512885,1000,4p2q
108.48768615722656,92.86563110351562,-60.1044921875,1072.6298828125,1132.734375,-0.4140178489813815,-33.81312561035156,-61.72301483154297,0.8560015752656746,1000,4p2r
0.7747607231140137,87.60563659667969,-170.4775390625,979.9873046875,1150.46484375,-0.10909336576187846,1.2638573795557022,-20.847402572631836,113.07429624241732,1000,4p5t
18.250503540039062,81.37832641601562,-137.7578125,789.34765625,927.10546875,0.1101238842006207,20.257431983947754,11.557226181030273,4.458963106334015,1000,4qrp
23.671781539916992,99.36492156982422,-171.578125,1049.0029296875,1220.5810546875,0.13380475063634337,8.80135726928711,26.860937118530273,4.197610441979527,1000,4qrr
12.392412185668945,96.157470703125,-132.08984375,1062.673828125,1194.763671875,0.21604076820670465,38.35482406616211,21.700586318969727,7.759382233504378,1000,4wuu
52.790184020996094,91.19905090332031,-136.6865234375,1032.8515625,1169.5380859375,0.030099550340320483,20.13564682006836,-2.1907615661621094,1.727575890613908,1000,4y1a
-13.691210746765137,92.75251770019531,-184.41796875,979.3125,1163.73046875,-0.01489171604290122,2.9867382049560547,-6.855859756469727,6.774602527209487,1000,4z7v
20.31623077392578,95.08617401123047,-225.03125,1027.6728515625,1252.7041015625,-0.09796977541626062,-11.791699409484863,-15.172225952148438,4.680305632920854,1000,4z7w
9.972031593322754,96.31903839111328,-166.2353515625,1058.0654296875,1224.30078125,0.11911867230274543,25.55267596244812,21.512792587280273,9.658917326003152,1000,5brz
8.153334617614746,99.98149108886719,-121.287109375,1126.6552734375,1247.9423828125,0.00546819847253968,10.2008695602417,3.439394950866699,12.262648783016335,1000,5c07
-22.67276382446289,98.56866455078125,-201.591796875,1044.232421875,1245.82421875,-0.47321210618156095,-45.48554855585098,-65.59593963623047,4.347447932085905,1000,5c0c
-29.613109588623047,93.98111724853516,-222.849609375,931.3017578125,1154.1513671875,-0.2209667880857178,-8.084129333496094,-44.01513671875,3.1736320629769104,1000,5d2l
-16.323326110839844,97.24408721923828,-151.859375,1061.78125,1213.640625,-0.30966661886273755,-30.107821345329285,-42.80859375,5.9573692641778475,1000,5d2n
-14.562251091003418,100.1195068359375,-150.74609375,1080.263671875,1231.009765625,0.02816084782002354,9.011514663696289,9.251797676086426,6.875276310989801,1000,5eu6
-4.907182693481445,99.87516784667969,-179.244140625,1140.4873046875,1319.7314453125,-0.31151747909908706,-39.39866256713867,-32.00015640258789,20.352848820261375,1000,5euo
20.380868911743164,91.4816665649414,-119.1865234375,1026.80078125,1145.9873046875,0.014232023281050474,8.793163299560547,1.9965438842773438,4.4886046062357225,1000,5isz
-8.458159446716309,92.7642593383789,-215.29296875,991.9931640625,1207.2861328125,0.1458908648009168,25.686826705932617,17.272245407104492,10.967427246475628,1000,5ivx
114.24732208251953,100.0241928100586,-31.3935546875,1218.845703125,1250.2392578125,-0.28683014975765075,-34.7169189453125,-30.069061279296875,0.8755057896438613,1000,5ks9
-8.816000938415527,97.76422119140625,-164.255859375,1053.4482421875,1217.7041015625,0.09882794555215424,9.850282907485962,22.215839385986328,11.089405591598261,1000,5nht
-19.020933151245117,95.36785888671875,-190.8857421875,1037.9716796875,1228.857421875,-0.1577746116016184,-7.067002296447754,-18.52179718017578,5.013836761559681,1000,5nme
-14.963637351989746,95.2724838256836,-164.0380859375,1022.3330078125,1186.37109375,-0.06485198628989174,-4.620145797729492,4.196698188781738,6.366933066984676,1000,5sws
-21.334257125854492,93.2244873046875,-181.2080078125,985.3564453125,1166.564453125,-0.35947864028631993,-38.098612785339355,-49.59556579589844,4.369708417079238,1000,5tez
-27.056577682495117,100.23835754394531,-237.115234375,1086.2265625,1323.341796875,-0.5221117605576857,-45.200655937194824,-68.6197509765625,3.7047683936770928,1000,5w1v
-9.021435737609863,100.17777252197266,-159.84765625,1097.337890625,1257.185546875,-0.2151247829047288,-5.282129287719727,-38.668067932128906,11.10441445588563,1000,5wkf
-15.856249809265137,95.61920928955078,-219.5693359375,988.833984375,1208.4033203125,-0.20066070645906797,-11.609745979309082,-26.023944854736328,6.03037946610169,1000,5wlg
3.0430078506469727,97.05767822265625,-125.3349609375,1080.197265625,1205.5322265625,-0.20182042881150167,-13.785234451293945,-25.458145141601562,31.895299352159576,1000,5xot
28.723670959472656,87.38094329833984,-135.4599609375,936.22265625,1071.6826171875,-0.05963842064801669,1.5938091278076172,-11.451700210571289,3.0421230064745552,1000,6avf
-34.08258819580078,100.95414733886719,-198.275390625,1059.21875,1257.494140625,-0.4309017701028463,-47.29396343231201,-61.44359588623047,2.962044543003953,1000,6avg
0.540771484375,93.11592102050781,-154.9970703125,994.822265625,1149.8193359375,-0.2849748260308072,-30.456445693969727,-27.12908172607422,172.19056758800684,1000,6bj2
-26.430200576782227,103.48407745361328,-230.7109375,1096.865234375,1327.576171875,-0.3066948980853429,-45.45180821418762,-19.97248077392578,3.9153722363025603,1000,6cql
4.328159332275391,95.52220153808594,-202.4150390625,1060.466796875,1262.8818359375,-0.1923270774640464,-4.767138719558716,-37.39166259765625,22.069931380723187,1000,6l9l
18.747032165527344,92.8369369506836,-147.48828125,1055.763671875,1203.251953125,-0.18065813266425443,-16.743925094604492,-20.721328735351562,4.952086878546477,1000,6mtm
-19.660781860351562,127.85787963867188,-178.806640625,1489.0966796875,1667.9033203125,-0.3839317960488077,-40.66992247104645,-58.43210983276367,6.5031937205569434,1000,6p64
5.553232192993164,90.17638397216797,-131.142578125,920.9287109375,1052.0712890625,-0.29332892306682706,-26.963828563690186,-46.693965911865234,16.238537233759377,1000,6px6
5.817173004150391,96.9006576538086,-157.767578125,1029.15625,1186.923828125,-0.25831490342922664,-17.162919998168945,-38.14912033081055,16.65768594590306,1000,6py2
-11.1582670211792,124.36859893798828,-199.9521484375,1430.59375,1630.5458984375,-0.3007795148491998,-35.41918897628784,-22.783496856689453,11.145869475614647,1000,6r2l
-9.488617897033691,120.04451751708984,-199.11328125,1369.7626953125,1568.8759765625,-0.060010464372937763,10.755888938903809,-5.847343444824219,12.65142154192934,1000,6rp9
-6.180595874786377,134.5996856689453,-199.908203125,1526.80078125,1726.708984375,-0.7000756361682485,-85.21990203857422,-89.21517944335938,21.77778107775352,1000,6rpb
21.219228744506836,120.35816192626953,-187.2431640625,1353.640625,1540.8837890625,-0.14945870179957652,-21.01498031616211,-10.069082260131836,5.672126810231057,1000,6tro
9.374380111694336,118.39280700683594,-174.4794921875,1376.4970703125,1550.9765625,-0.3242300830469982,-19.80895584821701,-43.126075744628906,12.629399807432995,1000,6ulr
-8.4233980178833,122.66671752929688,-200.4990234375,1352.8076171875,1553.306640625,-0.09854612527422577,11.792168378829956,-18.13507843017578,14.56261507603632,1000,6uon
33.44756317138672,115.64067840576172,-182.265625,1321.9013671875,1504.1669921875,-0.28693531425199736,-28.6583309173584,-37.86701202392578,3.4573721964688984,1000,6vm7
15.556571960449219,128.77655029296875,-179.2236328125,1529.271484375,1708.4951171875,-0.08444587091239818,-3.288145065307617,-13.523283004760742,8.27795110275047,1000,6vma
33.791160583496094,121.71338653564453,-158.3681640625,1412.6845703125,1571.052734375,0.0545012946612726,20.313749313354492,-2.1585960388183594,3.6019296417170357,1000,6vmx
44.90380859375,120.49900817871094,-165.421875,1434.4365234375,1599.8583984375,-0.14284462336167816,-16.648574829101562,-10.494453430175781,2.6834918744952714,1000,6vqo
62.06666564941406,119.45527648925781,-140.0517578125,1391.2099609375,1531.26171875,-0.03431990218700832,6.559970855712891,-1.6233978271484375,1.924628515399506,1000,6vrm
66.1172866821289,119.89644622802734,-163.603515625,1385.078125,1548.681640625,-0.019409199097165673,13.302719116210938,0.4367218017578125,1.813390271005243,1000,6vrn
