Rank,pdb,#res(complex),#res(pep),Ref_rank,ΔG_fep,σ(ΔG),Fit_ŷ,Residual,Perp_dist
1,4p5t,,,0.2997002997003,-70.3375473022461,0.7872650492627842,-42.22761170866506,-28.109935593581035,28.105662066266742
2,6ulr,,,10.1898101898102,-15.89195728302002,0.5206121863848383,-42.05513559606088,26.16317831304086,26.159200749421863
3,3sjv,,,70.02997002997,-66.66597747802734,2.720666939446702,-41.0115680056578,-25.654409472369544,25.650509256403296
4,3hg1,,,0.699300699300699,-67.21472930908203,0.814941633167381,-42.22064297684267,-24.994086332239362,24.990286504584798
5,3o6f,,,16.3836163836164,-66.70661163330078,1.1029645522803606,-41.94712025281382,-24.759491380486963,24.75572721808431
6,4ftv,,,16.4835164835165,-66.65643310546875,1.7089245555134658,-41.945378069858215,-24.711055035610535,24.70729823694025
7,5sws,,,0.1998001998002,-17.685714721679688,0.4617170244772501,-42.229353891620654,24.543639169940967,24.539907823348745
8,7n6e,,,57.7422577422578,-64.57891082763672,1.31057918235161,-41.225856509196326,-23.353054318440392,23.3495039753537
9,3nfj,,,91.3086913086913,-61.855926513671875,0.5194052016915552,-40.64048303611548,-21.2154434775564,21.212218113453936
10,5c0c,,,2.7972027972028,-62.48255157470703,0.8388680078615247,-42.18405713477512,-20.298494439931915,20.29540847873719
11,7n1f,,,17.2827172827173,-62.064273834228516,0.7742342290142434,-41.931440606213435,-20.13283322801508,20.129772452140035
12,1lp9,,,59.6403596403597,-60.98735809326172,1.0672587304917087,-41.19275503303997,-19.794603060221746,19.791593705163933
13,1fyt,,,63.6363636363636,-60.81505584716797,0.539334098502636,-41.12306771481606,-19.69198813235191,19.68899437774596
14,6vrm,,,72.3276723276723,-22.88791847229004,0.2823229143218465,-40.971497797679056,18.083579325389017,18.080830095675203
15,4ms8,,,25.5744255744256,-23.894304275512695,0.32182631861376715,-41.786839420898815,17.89253514538612,17.889814959940978
16,6tro,,,36.8631368631369,-23.888391494750977,0.32064614167767835,-41.58997274691627,17.70158125216529,17.69889009726259
17,6l9l,,,7.79220779220779,-24.517370223999023,0.2854967264671975,-42.096947986995225,17.579577762996202,17.576905156170273
18,2iam,,,74.7252747252747,-58.39223098754883,0.5925755123996276,-40.92968540674471,-17.462545580804118,17.459890766271794
19,1nam,,,15.8841158841159,-58.88723373413086,0.869249734603261,-41.9558311675918,-16.931402566539056,16.92882850118425
20,5tez,,,20.0799200799201,-58.68968200683594,1.2739120540301345,-41.8826594834567,-16.80702252337924,16.80446736740649
21,3pl6,,,14.2857142857143,-58.069278717041016,0.23237996771389188,-41.98370609488137,-16.085572622159646,16.083127147543102
22,5c07,,,8.89110889110889,-57.93735122680664,0.5576726636804644,-42.07778397448365,-15.85956725232299,15.857156137092222
23,6vma,,,77.4225774225774,-25.684907913208008,0.22754540084289082,-40.88264646694357,15.197738553735562,15.195428055705117
24,3uts,,,1.2987012987013,-57.373878479003906,1.263962297912967,-42.21018987910908,-15.163688599894826,15.161383278447138
25,4z7v,,,1.1988011988012,-28.65187644958496,0.578833604919283,-42.211932062064676,13.560055612479715,13.557994089860776
26,3qiu,,,16.3836163836164,-55.47417068481445,0.30823533371833056,-41.94712025281382,-13.527050432000635,13.524993927128525
27,5ivx,,,39.6603396603397,-28.923158645629883,0.5101300321420301,-41.54119162415953,12.618032978529648,12.616114670733928
28,4qrr,,,0.799200799200799,-29.650667190551758,0.30953754642162573,-42.21890079388707,12.568233603335315,12.566322866492198
29,4ozh,,,16.2837162837163,-29.547256469726562,0.5086324444329864,-41.94886243576941,12.401605966042851,12.399720561444164
30,4n5e,,,87.3126873126873,-29.2866268157959,0.24448216259505295,-40.71017035433938,11.423543538543484,11.421806827864255
31,5w1v,,,28.1718281718282,-53.00848388671875,0.723648230127256,-41.74154266405328,-11.266941222665473,11.265228320090394
32,5xot,,,55.1448551448551,-30.128257751464844,1.1880657563219357,-41.27115326604187,11.142895514577027,11.141201470555362
33,6mtm,,,57.7422577422578,-30.467796325683594,0.2658365867315376,-41.225856509196326,10.758060183512733,10.756424645647844
34,6vm7,,,33.7662337662338,-31.156761169433594,0.31496071792840574,-41.6439804185398,10.487219249106204,10.485624886936188
35,2nx5,,,1.6983016983017,-31.767230987548828,0.4218627840368411,-42.20322114728669,10.435990159737862,10.434403585878567
36,6vmx,,,1.0989010989011,-31.944631576538086,0.3469047631968555,-42.21367424502028,10.269042668482193,10.267481475494424
37,6avg,,,68.9310689310689,-30.961299896240234,0.7053517187733293,-41.03073201816938,10.069432121929147,10.067901275546765
38,6bj2,,,10.8891108891109,-31.99238395690918,0.684365870927409,-42.042940315371695,10.050556358462515,10.049028381744863
39,5d2l,,,10.1898101898102,-52.03446960449219,2.1321331456821624,-42.05513559606088,-9.979334008431309,9.977816859581164
40,3pwp,,,8.99100899100899,-52.024810791015625,0.33065758650817506,-42.07604179152805,-9.948768999487577,9.94725649740726
41,1u3h,,,19.1808191808192,-32.027828216552734,0.48771013287891096,-41.898339130057074,9.87051091350434,9.869010308927912
42,6rpb,,,53.4465534465535,-31.53827667236328,0.44596046373986015,-41.30077037628703,9.762493703923752,9.761009521103041
43,3o4l,,,77.8221778221778,-31.28387451171875,0.23900242355127174,-40.87567773512117,9.591803223402422,9.590344990496408
44,3gsn,,,18.1818181818182,-32.734127044677734,0.4629487158566383,-41.91576095961305,9.181633914935318,9.180238039687058
45,4wuu,,,27.4725274725275,-50.5259895324707,0.4401723308438743,-41.75373794474246,-8.772251587728242,8.770917950493708
46,3c5z,,,11.5884115884116,-33.354244232177734,0.7253882187726306,-42.03074503468251,8.676500802504776,8.675181722172894
47,3kpr,,,19.5804195804196,-33.31827163696289,0.3561316203762072,-41.891370398234685,8.573098761271794,8.571795401055887
48,2bnq,,,6.29370629370629,-33.66321563720703,0.9439543972485931,-42.12308073132919,8.459865094122158,8.458578948715152
49,1ao7,,,11.4885114885115,-50.3840446472168,0.9457280638116101,-42.032487217638106,-8.35155742957869,8.350287750085
50,2e7l,,,76.3236763236763,-32.712284088134766,0.26381801683838374,-40.90181047945514,8.189526391320378,8.188281345254445
51,5wlg,,,0.0999000999000999,-34.080467224121094,0.6628614089535237,-42.23109607457626,8.150628850455163,8.149389717946123
52,4gg6,,,9.79020979020979,-34.542598724365234,0.4369258447852494,-42.06210432788327,7.519505603518034,7.518362420088119
53,7n1e,,,8.39160839160839,-34.71372985839844,0.7555989125042585,-42.08649488926164,7.372765030863199,7.3716441562658055
54,5euo,,,0.599400599400599,-34.91120147705078,0.510305024493837,-42.222385159798264,7.311183682747483,7.31007217030506
55,3qdm,,,11.0889110889111,-49.09243392944336,1.7029326670288525,-42.039455949460496,-7.052977979982863,7.051905722312824
56,5wkf,,,32.7672327672328,-34.99089431762695,0.5520977163602157,-41.661402248095776,6.670507930468823,6.66949381936401
57,3pqy,,,37.0629370629371,-35.02484893798828,0.5218512890397646,-41.586488381005076,6.561639443016794,6.560641883086681
58,6vrn,,,86.9130869130869,-47.206687927246094,0.5563152574997848,-40.71713908616178,-6.489548841084314,6.488562241021235
59,4jry,,,15.984015984016,-35.4661979675293,0.8414012760281953,-41.95408898463621,6.487891017106911,6.486904669081266
60,1ymm,,,40.5594405594406,-47.989070892333984,0.214646266861951,-41.52551197755915,-6.463558914774836,6.462576265936035
61,5nht,,,0.0999000999000999,-36.173439025878906,0.6967343855848821,-42.23109607457626,6.057657048697351,6.056736108741013
62,1fo0,,,38.2617382617383,-35.5899772644043,0.42908162550822776,-41.5655821855379,5.975604921133602,5.974696455485759
63,4z7w,,,5.79420579420579,-36.182701110839844,0.5362755395819282,-42.13179164610718,5.949090535267338,5.948186100576871
64,6px6,,,53.8461538461539,-35.44486618041992,0.6338885036222685,-41.293801644464644,5.848935464044722,5.848046255836404
65,2pxy,,,9.59040959040959,-36.492069244384766,0.634775129716227,-42.06558869379447,5.573519449409702,5.5726721124414444
66,3ffc,,,19.4805194805195,-36.39303970336914,0.5039766346352309,-41.89311258119028,5.50007287782114,5.4992367068667205
67,4mji,,,73.8261738261738,-35.66466522216797,1.2007129285059488,-40.945365053345085,5.280699831177117,5.279897011302558
68,4may,,,41.6583416583417,-46.374732971191406,0.7172531166248884,-41.506347965047574,-4.868385006143832,4.867644870107911
69,6uon,,,23.0769230769231,-46.607181549072266,1.7059383381343605,-41.830393994788764,-4.776787554283501,4.776061343722833
70,2esv,,,32.8671328671329,-46.11799240112305,1.817870413211157,-41.65966006514018,-4.458332335982867,4.457654539872286
71,4qrp,,,10.2897102897103,-46.495391845703125,0.6986533384252893,-42.05339341310528,-4.441998432597842,4.441323119715372
72,6r2l,,,5.0949050949051,-37.77360916137695,2.3022568923392566,-42.143986926796366,4.370377765419413,4.369713340960235
73,4h1l,,,10.7892107892108,-37.985069274902344,0.6553125424312111,-42.04468249832729,4.059613223424947,4.058996044209506
74,3c6l,,,0.0999000999000999,-46.14113998413086,0.5584874024794312,-42.23109607457626,-3.9100439095546022,3.9094494692225736
75,3c60,,,0.0999000999000999,-38.39656066894531,0.44349433434851804,-42.23109607457626,3.8345354056309446,3.833952444786406
76,5isz,,,0.4995004995005,-38.39090347290039,1.2329973934409861,-42.22412734275387,3.8332238698534766,3.8326411084005
77,5nme,,,80.4195804195804,-37.30706024169922,0.5246735209781785,-40.830380978275635,3.523320736576416,3.5227850894080106
78,6py2,,,100.0,-36.969932556152344,0.5897440023665711,-40.488913118978466,3.5189805628261226,3.518445575490288
79,6avf,,,65.2347652347652,-44.36831283569336,1.1514025621594537,-41.0951927875265,-3.2731200481668594,3.272622438775966
80,4y1a,,,12.0879120879121,-45.070682525634766,0.38675065498660444,-42.02203411990452,-3.0486484057302476,3.0481849225539817
81,3gjf,,,24.4755244755245,-39.048282623291016,0.47448607200668425,-41.806003433410396,2.7577208101193804,2.757301556394377
82,6p64,,,6.99300699300699,-44.82674789428711,0.7207660480170225,-42.110885450640005,-2.7158624436471044,2.71544955361055
83,4mnq,,,71.5284715284715,-38.270240783691406,0.6867960039987181,-40.985435261323836,2.71519447763243,2.7147816891461263
84,2ypl,,,57.6423576423577,-38.73836135864258,0.4006034306112214,-41.22759869215193,2.489237333509351,2.488858897077112
85,6rp9,,,6.99300699300699,-44.59928894042969,0.355025878738931,-42.110885450640005,-2.4884034897896825,2.4880251801259274
86,1kj2,,,79.5204795204795,-38.5420036315918,0.3146361483273492,-40.84606062487601,2.304056993284213,2.3037067096465402
87,5brz,,,44.4555444555445,-43.473209381103516,2.329500069110166,-41.45756684229084,-2.0156425388126777,2.0153361025557612
88,3vxr,,,28.7712287712288,-43.19706344604492,1.55178874566816,-41.73108956631969,-1.465973879725233,1.4657510090823538
89,3qdg,,,11.7882117882118,-43.334598541259766,0.534918159648242,-42.02726066877131,-1.3073378724884535,1.3071391191299306
90,5d2n,,,39.7602397602398,-40.31888198852539,0.3484868249322127,-41.539449441203935,1.2205674526785444,1.220381890946089
91,3tfk,,,95.6043956043956,-39.83542251586914,2.129487169778021,-40.56556916902477,0.7301466531556287,0.7300356496403304
92,4ozg,,,0.599400599400599,-41.87348175048828,0.8140313204029794,-42.222385159798264,0.3489034093099832,0.34885036584978846
93,5eu6,,,11.0889110889111,-41.74834442138672,0.6176565354130761,-42.039455949460496,0.2911115280737775,0.2910672706594342
94,6vqo,,,2.997002997003,-41.95860290527344,1.0146612863163813,-42.18057276886392,0.22196986359048054,0.2219361177189596
95,4grl,,,1.3986013986014,-42.29132080078125,0.6651466048362042,-42.208447696153485,-0.08287310462776531,0.08286050550689335
